{"train_accuracy": 0.9951690821256038, "val_accuracy": 0.7777777777777778, "test_accuracy": 0.8666666666666667}